Smiles,pIC50
O=c1cccc2n1[C@@H]1C[C@H](C2)CN(CC(O)CCCc2ccccc2)C1,9
COC(=O)N[C@H]1CCC[C@@H]1[C@](CN1CCC1)(c1cccc(F)c1)C1CCN(CC2CN(c3ccc(S(=O)(=O)C4CN(C(=O)/C=C/CN5CC(F)(F)C5)C4)cc3)C2)CC1,9
CCc1nccn1C[C@@](c1cccc(F)c1)(C1CCN(CC2CN(c3ccc(S(=O)(=O)C4CN(C(=O)/C=C/CN(C)C)C4)cc3)C2)CC1)[C@H]1CCC[C@@H]1NC(=O)OC,8.77
COC(=O)N[C@H]1CCC[C@@H]1[C@](CN(C)C)(c1cccc(F)c1)C1CCN(CC2CN(c3ccc(S(=O)(=O)C4CC4)cc3)C2)CC1,8.77
COC(=O)N[C@H]1CCC[C@@H]1[C@](CN1CCCCC1)(c1cccc(F)c1)C1CCN(CC2CN(c3ccc(S(=O)(=O)C4CN(C(=O)/C=C/CN(C)C)C4)cc3)C2)CC1,8.7
C=CC(=O)N1CC(S(=O)(=O)c2ccc(N3CC(CN4CCC([C@@](CN5CCC5)(c5cccc(F)c5)[C@H]5CCC[C@@H]5NC(=O)OC)CC4)C3)cc2)C1,8.7
COC(=O)N[C@H]1CCC[C@@H]1[C@](CN1CCC1)(c1cccc(F)c1)C1CCN(CC2CN(c3ccc(S(=O)(=O)C4CN(C(=O)/C=C/CN5CCC5)C4)cc3)C2)CC1,8.7
COC(=O)N[C@H]1CCC[C@@H]1[C@](CN1CCCC1)(c1cccc(F)c1)C1CCN(CC2CN(c3ccc(S(=O)(=O)C4CN(C(=O)/C=C/CN(C)C)C4)cc3)C2)CC1,8.7
COC(=O)N[C@H]1CCC[C@@H]1[C@](Cn1ccnn1)(c1cccc(F)c1)C1CCN(CC2CN(c3ccc(S(=O)(=O)C4CN(C(=O)/C=C/CN(C)C)C4)cc3)C2)CC1,8.7
COC(=O)N[C@H]1CCC[C@@H]1[C@](CN1CCC1)(c1cccc(F)c1)C1CCN(CC2CN(c3ccc(S(=O)(=O)C4CN(C(=O)/C=C/CN5CC(F)C5)C4)cc3)C2)CC1,8.7
COC(=O)N[C@H]1CCC[C@@H]1[C@](CN1CCC1)(c1cccc(F)c1)C1CCN(CC2CN(c3ccc(S(=O)(=O)C4CN(C(=O)/C=C/CN5CCCC5)C4)cc3)C2)CC1,8.7
COC(=O)N[C@H]1CCC[C@@H]1[C@](CN1CCC1)(c1cccc(F)c1)C1CCN(CC2CN(c3ccc(S(=O)(=O)C4CN(C(=O)/C=C/CN5CCC(F)(F)CC5)C4)cc3)C2)CC1,8.7
COC(=O)N[C@H]1CCC[C@@H]1[C@](CN1CCC1)(c1cccc(F)c1)C1CCN(CC2(OC)CN(c3ccc(S(=O)(=O)C4CC4)cc3)C2)CC1,8.6
COC(=O)N[C@H]1CCC[C@@H]1[C@](CN1CCC1)(c1cccc(F)c1)C1CCN(CC2CN(c3ccc(S(=O)(=O)C4CN(C(=O)/C=C/CN5CCCCC5)C4)cc3)C2)CC1,8.59
COC(=O)N[C@H]1CCC[C@@H]1[C@](CN1CCC1)(c1cccc(F)c1)C1CCN(CC2(OC)CN(c3ccc(S(=O)(=O)C4CN(C(=O)/C=C/CN(C)C)C4)cc3)C2)CC1,8.57
C=CC(=O)N1C[C@@H]2C[C@H]1CN2S(=O)(=O)c1ccc(N2CC(CN3CCC([C@@](CN4CCC4)(c4cccc(F)c4)[C@H]4CCC[C@@H]4NC(=O)OC)CC3)(OC)C2)cc1,8.57
COC(=O)N[C@H]1CCC[C@@H]1[C@](CN1CCCC1)(c1cccc(F)c1)C1CCN(CC2CN(c3ccc(S(=O)(=O)C4CC4)cc3)C2)CC1,8.55
C=CC(=O)N1CC(S(=O)(=O)c2ccc(N3CC(CN4CCC([C@@](CN5CCC5)(c5cccc(F)c5)[C@H]5CCC[C@@H]5NC(=O)OC)CC4)(OC)C3)cc2)C1,8.55
COC(=O)N[C@H]1CCC[C@@H]1[C@](CN1CCC1)(c1cccc(F)c1)C1CCN(CC2(C)CN(c3ccc(S(=O)(=O)C4CC4)cc3)C2)CC1,8.54
COC(=O)N[C@H]1CCC[C@@H]1[C@](CN1CCC1)(c1cccc(F)c1)C1CCN(CC2CN(c3ccc(S(=O)(=O)C4CN(C(=O)/C=C/CN(C)C)C4)cc3)C2)CC1,8.52
COC(=O)N[C@H]1CCC[C@@H]1[C@](C#N)(c1cccc(F)c1)C1CCN(CC2CN(c3ccc(S(=O)(=O)C4CN(C(=O)/C=C/CN(C)C)C4)cc3)C2)CC1,8.52
C=CC(=O)N1CCC[C@H](S(=O)(=O)c2ccc(N3CC(CN4CCC([C@@](CN5CCC5)(c5cccc(F)c5)[C@H]5CCC[C@@H]5NC(=O)OC)CC4)(OC)C3)cc2)C1,8.52
COC(=O)N[C@H]1CCC[C@@H]1[C@](CN1CCC1)(c1cccc(F)c1)C1CCN(CC2(F)CN(c3ccc(S(=O)(=O)C4CC4)cc3)C2)CC1,8.49
COC(=O)N[C@H]1CCC[C@@H]1[C@](CN1CCOCC1)(c1cccc(F)c1)C1CCN(CC2CN(c3ccc(S(=O)(=O)C4CC4)cc3)C2)CC1,8.47
COC(=O)N[C@H]1CCC[C@@H]1[C@](CN1CCC(C)(O)CC1)(c1cccc(F)c1)C1CCN(CC2CN(c3ccc(S(=O)(=O)C4CC4)cc3)C2)CC1,8.46
COC(=O)N[C@H]1CCC[C@@H]1[C@](CN1CCC1)(c1cccc(F)c1)C1CCN(CC2CN(c3ccc(S(=O)(=O)C4CC4)cc3)C2)CC1,8.46
Cc1c(CN2CCC(Nc3ncnc4sc(CC(F)(F)F)cc34)CC2)ccc2c1cc(C#N)n2C[C@@H]1CNC(=O)CO1,8.44
COC(=O)N[C@H]1CCC[C@@H]1[C@](CN1CCC1)(c1cccc(F)c1)C1CCN(CC2(O)CN(c3ccc(S(=O)(=O)C4CC4)cc3)C2)CC1,8.44
C=CC(=O)N1CCC[C@@H](S(=O)(=O)c2ccc(N3CC(CN4CCC([C@@](CN5CCC5)(c5cccc(F)c5)[C@H]5CCC[C@@H]5NC(=O)OC)CC4)(OC)C3)cc2)C1,8.43
C=CC(=O)N1CCC(S(=O)(=O)c2ccc(N3CC(CN4CCC([C@@](CN5CCC5)(c5cccc(F)c5)[C@H]5CCC[C@@H]5NC(=O)OC)CC4)(OC)C3)cc2)CC1,8.42
COC(=O)N[C@H]1CCC[C@@H]1[C@](CN1CCC1)(c1cccc(F)c1)C1CCN(CC2CN(c3ccc(S(=O)(=O)C4CN(C(=O)/C=C/CN5CCC(F)CC5)C4)cc3)C2)CC1,8.4
NS(=O)(=O)Cc1ccc(CN2CCC3(CCN(c4ncnc5sc(CC(F)(F)F)cc45)C3)C2)cc1,8.4
COC(=O)N[C@H]1CCC[C@@H]1[C@](CN)(c1cccc(F)c1)C1CCN(CC2CN(c3ccc(S(=O)(=O)C4CC4)cc3)C2)CC1,8.4
CCC(=O)N1C[C@@H]2C[C@H]1CN2S(=O)(=O)c1ccc(N2CC(CN3CCC([C@@](CN4CCC4)(c4cccc(F)c4)[C@H]4CCC[C@@H]4NC(=O)OC)CC3)(OC)C2)cc1,8.38
C=CC(=O)N1C[C@H]2C[C@@H]1CN2S(=O)(=O)c1ccc(N2CC(CN3CCC([C@@](CN4CCC4)(c4cccc(F)c4)[C@H]4CCC[C@@H]4NC(=O)OC)CC3)(OC)C2)cc1,8.34
CNC(=O)O[C@H]1CCC[C@@H]1[C@]1(C2CCN(CC3CN(c4ccc(S(=O)(=O)c5ccncc5)cc4)C3)CC2)CN(C)Cc2ccccc21,8.3
COC(=O)N[C@H]1CCC[C@@H]1[C@](CN(C)C)(c1cccc(F)c1)C1CCN(CC2CN(c3ccc(S(=O)(=O)C4CN(C(=O)/C=C/CN(C)C)C4)cc3)C2)CC1,8.3
CCN1Cc2ccccc2C(C2CCCC2)(C2CCN(CC3CN(c4ccc(S(=O)(=O)c5ccncc5)cc4)C3)CC2)C1,8.22
COC(=O)N[C@H]1CCC[C@@H]1[C@](C#N)(c1cccc(F)c1)C1CCN(CC2CN(c3ccc(S(=O)(=O)C4CC4)cc3)C2)CC1,8.16
CC(C)N1Cc2ccccc2C(C2CCCC2)(C2CCN(CC3CN(c4ccc(S(=O)(=O)c5ccncc5)cc4)C3)CC2)C1,8.15
O=S(=O)(c1ccncc1)c1ccc(N2CC(CN3CCC(C4(C5CCCC5)CN(CC5CC5)Cc5ccccc54)CC3)C2)cc1,8.15
Cc1c(CN2CCC(Nc3ncnc4sc(CC(F)(F)F)cc34)CC2)ccc2c1cc(C#N)n2CC1CNC(=O)CO1,8.12
O=S(=O)(c1ccncc1)c1ccc(N2CC(CN3CCC(C4(C5CCCC5)CNCc5ccccc54)CC3)C2)cc1,8.1
O=S(=O)(c1ccncc1)c1ccc(N2CC(CN3CCC(C4(C5CCCC5)CN(C5CCC5)Cc5ccccc54)CC3)C2)cc1,8.05
O=S(=O)(c1ccc(N2CC(CN3CCC(C4(C5CCCC5)NCCc5ccccc54)CC3)C2)cc1)C1CCCCC1,8
C=CC(=O)Nc1ccc(CN2CCC3(CCN(c4ncnc5sc(CC(F)(F)F)cc45)C3)C2)cc1,8
FC(F)Cc1cc2c(N3CCC4(CCN(Cc5ccc(N6CCOCC6)cc5)C4)C3)ncnc2s1,8
NS(=O)(=O)Cc1ccc(CN2CCC3(CCN(c4ncnc5cc(CC(F)(F)F)sc45)C3)C2)cc1,8
O=S(=O)(Cc1ccc(CN2CCC3(CCN(c4ncnc5sc(CC(F)(F)F)cc45)C3)C2)cc1)NCCO,8
CC(c1ccc(CN2CCC3(CCN(c4ncnc5sc(CC(F)(F)F)cc45)C3)C2)cc1)S(N)(=O)=O,8
CN(CCO)c1ccc(CN2CCC3(CCN(c4ncnc5sc(CC(F)(F)F)cc45)C3)C2)cc1,8
Cc1c(CN2CCC(Nc3ncnc4sc(CC(F)(F)F)cc34)CC2)ccc2c1cc(C#N)n2CCN1CCN(C(=O)CF)CC1,8
CNC(=O)O[C@H]1CCC[C@@H]1[C@](C#N)(c1ccccc1)C1CCN(CC2CN(c3ccc(C#N)cc3)C2)CC1,7.96
CN1Cc2ccccc2C(C2CCCC2)(C2CCN(CC3CN(c4ccc(S(=O)(=O)c5ccncc5)cc4)C3)CC2)C1,7.96
O=S(=O)(c1ccncc1)c1ccc(N2CC(CN3CCC(C4(C5CCCC5)CN(CCN5CCOCC5)Cc5ccccc54)CC3)C2)cc1,7.96
CC(=O)N[C@@H](CCCNC(=N)N)C(=O)N[C@@H](Cc1c[nH]c2ccccc12)C(=O)N[C@@H](CCCNC(=N)N)C(=O)N[C@@H](Cc1ccccc1)C(=O)N1CCC[C@H]1C(=O)N[C@@H](C)C(=O)N[C@@H](CCCNC(=N)N)C(=O)N1CCC[C@H]1C(=O)NCC(=O)N[C@H](C(=O)NCC(=O)N[C@@H](CCCNC(=N)N)C(=O)N[C@@H](CCCNC(=N)N)C(N)=O)[C@@H](C)O,7.94
Cc1c(CN2CCC(Nc3ncnc4sc(CC(F)(F)F)cc34)CC2)ccc2c1cc(C#N)n2CCN1CCN(S(C)(=O)=O)CC1,7.89
Cc1c(CN2CCC(Nc3ncnc4sc(CC(F)(F)F)cc34)CC2)ccc2c1cc(C#N)n2CCN1CCN(C)CC1,7.89
Cc1c(CN2CCC(Nc3ncnc4sc(CC(F)(F)F)cc34)CC2)ccc2c1cc(C#N)n2CCN1CCN(C=O)CC1,7.89
Cc1c(CN2CCC(Nc3ncnc4sc(CC(F)(F)F)cc34)CC2)ccc2c1cc(C#N)n2CCC1CCNCC1,7.85
Cc1c(CN2CCC(Nc3ncnc4sc(CC(F)(F)F)cc34)CC2)ccc2c1cc(C#N)n2Cc1cn[nH]c1,7.83
Cc1c(CN2CCC(Nc3ncnc4sc(CC(F)(F)F)cc34)CC2)ccc2c1cc(C#N)n2CCN1CCNCC1,7.82
O=S(=O)(c1ccncc1)c1ccc(N2CC(CN3CCC(C4(C5CCCC5)NCCc5ccccc54)CC3)C2)cc1,7.77
O=S(=O)(c1ccc(N2CC(CN3CCC(C4(C5CCCC5)NCCc5ccccc54)CC3)C2)cc1)C1CCCC1,7.77
CC(=O)N1CCN(CCn2c(C#N)cc3c(C)c(CN4CCC(Nc5ncnc6sc(CC(F)(F)F)cc56)CC4)ccc32)CC1,7.75
N=C(N)NCCC[C@@H]1NC(=O)C2(CCC2)NC(=O)[C@@H]2CCCN2C(=O)[C@H](Cc2cc(F)cc(F)c2)NC(=O)[C@@H](N)CCCCCCCCNC(=O)[C@@H]2CCCN2C1=O,7.73
N#CCc1ccc(CN2CCC3(CCN(c4ncnc5sc(CC(F)(F)F)cc45)C3)C2)cc1,7.7
CC(C)(C#N)c1ccc(CN2CCC3(CCN(c4ncnc5sc(CC(F)(F)F)cc45)C3)C2)cc1,7.7
O=S(=O)(c1ccccc1)c1ccc(N2CC(CN3CCC(C4(C5CCCC5)NCCc5ccccc54)CC3)C2)cc1,7.7
Cc1c(CN2CCC(Nc3ncnc4sc(CC(F)(F)F)cc34)CC2)ccc2c1cc(C#N)n2CCN1CCN(C(C)C(N)=O)CC1,7.68
Cc1c(CN2CCC(Nc3ncnc4sc(CC(F)(F)F)cc34)CC2)ccc2c1cc(C#N)n2CCN1CCOCC1,7.66
N=C(N)NCCC[C@@H]1NC(=O)C2(CCC2)NC(=O)[C@@H]2CCCN2C(=O)[C@H](Cc2cccc(F)c2)NC(=O)[C@@H](N)CCCCCCCCNC(=O)[C@@H]2CCCN2C1=O,7.6
CC(=O)N[C@@H](CCCNC(=N)N)C(=O)N[C@@H](Cc1c[nH]c2ccccc12)C(=O)N[C@H]1CCCCCCCCNC(=O)[C@@H]2CCCN2C(=O)[C@H](CCCNC(=N)N)NC(=O)[C@H](C)NC(=O)[C@@H]2CCCN2C(=O)[C@H](Cc2ccccc2)NC1=O,7.6
O=S(=O)(c1ccncc1)c1ccc(N2CC(CN3CCC(C4(C5CCCC5)CN(CC5COC5)Cc5ccccc54)CC3)C2)cc1,7.6
O=S(=O)(c1ccc(N2CC(CN3CCC(C4(C5CCCC5)NCCc5ccccc54)CC3)C2)cc1)C1CC1,7.6
Cc1c(CN2CCC(Nc3ncnc4sc(CC(F)(F)F)cc34)CC2)ccc2c1cc(C#N)n2CCN1CCN(S(N)(=O)=O)CC1,7.58
Cc1c(CN2CCC(Nc3ncnc4sc(CC(F)(F)F)cc34)CC2)ccc2c1cc(C#N)n2CCC1CNC(=O)CO1,7.55
COC(=O)N[C@H]1CCC[C@@H]1[C@](C#N)(c1ccccc1)C1CCN(CC2CN(c3ccc(C#N)cc3)C2)CC1,7.54
CNS(=O)(=O)N1CCN(CCn2c(C#N)cc3c(C)c(CN4CCC(Nc5ncnc6sc(CC(F)(F)F)cc56)CC4)ccc32)CC1,7.5
Cc1c(CN2CCC(Nc3ncnc4sc(CC(F)(F)F)cc34)CC2)ccc2[nH]c(C#N)cc12,7.5
Cc1c(CN2CCC(Nc3ncnc4sc(CC(F)(F)F)cc34)CC2)ccc2c1cc(C#N)n2Cc1cc[nH]n1,7.48
CCC(=O)O[C@H]1CCC[C@@H]1[C@](C#N)(c1ccccc1)C1CCN(CC2CN(c3ccc(C#N)cc3)C2)CC1,7.48
CCS(=O)(=O)c1ccc(N2CC(CN3CCC(C4(C5CCCC5)NCCc5ccccc54)CC3)C2)cc1,7.47
O=S(=O)(c1ccc(N2CC(CN3CCC(C4(C5CCCC5)NCCc5ccccc54)CC3)C2)cc1)C1CCC1,7.44
N#Cc1ccc(N2CC(CN3CCC(C4(C5CCCC5)NCCc5ccccc54)CC3)C2)cc1,7.44
Cc1c(CN2CCC(Nc3ncnc4sc(CC(F)(F)F)cc34)CC2)ccc2c1cc(C#N)n2CCC1CCN(S(N)(=O)=O)CC1,7.42
CCCN1CCN(CCn2c(C#N)cc3c(C)c(CN4CCC(Nc5ncnc6sc(CC(F)(F)F)cc56)CC4)ccc32)CC1,7.41
CC(=O)O[C@H]1CCC[C@@H]1[C@](C#N)(c1ccccc1)C1CCN(CC2CN(c3ccc(C#N)cc3)C2)CC1,7.4
Cc1c(CN2CCC(Nc3ncnc4sc(CC(F)(F)F)cc34)CC2)ccc2c1cc(C#N)n2CCC1CCN(S(C)(=O)=O)CC1,7.4
Cc1c(CN2CCC(Nc3ncnc4sc(CC(F)(F)F)cc34)CC2)ccc2c1cc(C#N)n2CCN1CCN(C(=O)CCC2CCCC2)CC1,7.38
COC(=O)N[C@H]1CCC[C@@H]1[C@](CN1CCC1)(c1cccc(F)c1)C1CCN(CC2(C(=O)OC)CN(c3ccc(S(=O)(=O)C4CC4)cc3)C2)CC1,7.37
Cc1c(CN2CCC(Nc3ncnc4sc(CC(F)(F)F)cc34)CC2)ccc2c1cc(C#N)n2CCN1CCN(C(=O)C(F)F)CC1,7.36
CC1(C)CN=C(N2CCN(c3ncnc4sc(CC(F)(F)F)cc34)CC2)S1,7.34
CC1(C)CN=C(N2CCN(c3ncnc4sc(C(F)(F)F)cc34)CC2)S1,7.34
CCS(=O)(=O)N1CCN(CCn2c(C#N)cc3c(C)c(CN4CCC(Nc5ncnc6sc(CC(F)(F)F)cc56)CC4)ccc32)CC1,7.26
Cc1c(CN2CCC(Nc3ncnc4sc(CC(F)(F)F)cc34)CC2)ccc2c1cc(C#N)n2CCN1CCN(C(=O)CC2CCCC2)CC1,7.24
CC(=O)N[C@@H](CCCNC(=N)N)C(=O)N[C@@H](Cc1c[nH]c2ccccc12)C(=O)N[C@H]1CCCCCCNC(=O)[C@@H]2CCCN2C(=O)[C@H](CCCNC(=N)N)NC(=O)[C@H](C)NC(=O)[C@@H]2CCCN2C(=O)[C@H](Cc2ccccc2)NC1=O,7.2
Cc1c(CN2CCC(Nc3ncnc4sc(CC(F)(F)F)cc34)CC2)ccc2c1cc(C#N)n2CCC1CCN(C=O)CC1,7.2
CC1(C)CN=C(N2CCN(c3ncnc4sc(CC(F)F)cc34)CC2)S1,7.19
CC(C)S(=O)(=O)c1ccc(N2CC(CN3CCC(C4(C5CCCC5)NCCc5ccccc54)CC3)C2)cc1,7.17
N#Cc1ccc(OCCCN2CCC(C3(C4CCCC4)NCCc4ccccc43)CC2)cc1,7.15
Cc1c(CN2CCC(Nc3ncnc4sc(CC(F)(F)F)cc34)CC2)ccc2c1cc(C#N)n2CCN1CCN(S(=O)(=O)C(F)(F)F)CC1,7.15
Cc1c(CN2CCC(Nc3ncnc4sc(CC(F)(F)F)cc34)CC2)ccc2c1cc(C#N)n2CCN1CCN(C(=O)C(F)(F)F)CC1,7.12
CC(=O)N[C@@H](CCCNC(=N)N)C(=O)N[C@@H](Cc1c[nH]c2ccccc12)C(=O)N[C@H]1CCCCCCCCCCNC(=O)[C@@H]2CCCN2C(=O)[C@H](CCCNC(=N)N)NC(=O)[C@H](C)NC(=O)[C@@H]2CCCN2C(=O)[C@H](Cc2ccccc2)NC1=O,7.11
FC(F)c1nnc(N2CCN(c3ncnc4sc(CC(F)(F)F)cc34)CC2)s1,7.09
CCC(=O)N1CCN(CCn2c(C#N)cc3c(C)c(CN4CCC(Nc5ncnc6sc(CC(F)(F)F)cc56)CC4)ccc32)CC1,7.08
N#Cc1ccc(N2CCC(CN3CCC(C4(C5CCCC5)NCCc5ccccc54)CC3)C2)cc1,7.06
N#Cc1ccc(OCCCN2CCC([C@@](O)(c3cccc(F)c3)c3ccccn3)CC2)cc1,7.05
FC(F)(F)Cc1cc2c(N3CCN(c4nnc(C(F)(F)F)s4)CC3)ncnc2s1,7.04
N=C(N)NCCC[C@@H]1NC(=O)C2(CCC2)NC(=O)[C@@H]2CCCN2C(=O)[C@H](Cc2ccccc2F)NC(=O)[C@@H](N)CCCCCCCCNC(=O)[C@@H]2CCCN2C1=O,6.99
N=C(N)NCCC[C@@H]1NC(=O)C2(CCC2)NC(=O)[C@@H]2CCCN2C(=O)[C@H](Cc2ccccc2)NC(=O)[C@@H](N)CCCCCCCCNC(=O)[C@@H]2CCCN2C1=O,6.99
CC(=O)N[C@H]1CCC[C@@H]1[C@](C#N)(c1ccccc1)C1CCN(CC2CN(c3ccc(C#N)cc3)C2)CC1,6.99
N=C(N)NCCC[C@@H]1NC(=O)C2(CCC2)NC(=O)[C@@H]2CCCN2C(=O)[C@H](Cc2ccccc2Cl)NC(=O)[C@@H](N)CCCCCCCCNC(=O)[C@@H]2CCCN2C1=O,6.95
NS(=O)(=O)c1ccc(OCCCN2CCC(C(O)(c3ccccn3)C3CCCC3)CC2)cc1,6.94
Cc1c(CN2CCC(Nc3ncnc4sc(CC(F)(F)F)cc34)CC2)ccc2c1cc(C#N)n2C[C@H]1CNC(=O)CO1,6.91
CC(=O)N1CCC(CCn2c(C#N)cc3c(C)c(CN4CCC(Nc5ncnc6sc(CC(F)(F)F)cc56)CC4)ccc32)CC1,6.89
CC(=O)N[C@@H](CCCNC(=N)N)C(=O)N[C@@H](Cc1c[nH]c2ccccc12)C(=O)N[C@H]1CCCCCCCCCNC(=O)[C@@H]2CCCN2C(=O)[C@H](CCCNC(=N)N)NC(=O)[C@H](C)NC(=O)[C@@H]2CCCN2C(=O)[C@H](Cc2ccccc2)NC1=O,6.84
CS(=O)(=O)c1ccc(N2CC(CN3CCC(C4(C5CCCC5)NCCc5ccccc54)CC3)C2)cc1,6.84
NS(=O)(=O)c1ccc(OCCCN2CCC(C(O)(c3cccc(F)c3)c3ccccn3)CC2)cc1,6.83
N=C(N)NCCC[C@@H]1NC(=O)C2(CCC2)NC(=O)[C@@H]2CCCN2C(=O)[C@H](Cc2cccc(Cl)c2)NC(=O)[C@@H](N)CCCCCCCCNC(=O)[C@@H]2CCCN2C1=O,6.8
N#Cc1ccc(OCCCN2CCC(C(N)(c3ccccc3)C3CCCC3)CC2)cc1,6.73
N=C(N)NCCC[C@@H]1NC(=O)C2(CC2)NC(=O)[C@@H]2CCCN2C(=O)[C@H](Cc2ccccc2)NC(=O)[C@@H](N)CCCCCCCCNC(=O)[C@@H]2CCCN2C1=O,6.71
N#Cc1ccc(OCCCN2CCC([C@](O)(c3ccccn3)C3CCCC3)CC2)cc1,6.71
N#Cc1ccc(OCCCN2CCC(C(O)(c3cccc(F)c3)c3ccccn3)CC2)cc1,6.65
N#Cc1ccc(OCCCN2CCC(C(O)(c3cccc(Cl)c3)C3CCCC3)CC2)cc1,6.65
CC1(C)NC(=O)[C@@H]2CCCN2C(=O)[C@H](Cc2ccccc2)NC(=O)[C@@H](N)CCCCCCCCNC(=O)[C@@H]2CCCN2C(=O)[C@H](CCCNC(=N)N)NC1=O,6.65
CC(=O)N[C@@H](CCCNC(=N)N)C(=O)N[C@@H](Cc1c[nH]c2ccccc12)C(=O)N[C@@H](CCCNC(=N)N)C(=O)N[C@@H](Cc1ccccc1)C(=O)N1CCC[C@H]1C(=O)N[C@@H](C)C(=O)N[C@@H](CCCNC(=N)N)C(=O)N1CCC[C@H]1C(N)=O,6.63
N#Cc1ccc(OCCCN2CCC(C(O)(c3nccs3)C3CCCC3)CC2)cc1,6.62
CC1(C)CN=C(N2CCN(c3ncnc4sc(CCF)cc34)CC2)S1,6.58
N=C(N)NCCC[C@@H]1NC(=O)C2(CCC2)NC(=O)[C@@H]2CCCN2C(=O)[C@H](Cc2ccc(F)cc2)NC(=O)[C@@H](N)CCCCCCCCNC(=O)[C@@H]2CCCN2C1=O,6.38
CCCc1cc2c(N3CCN(C4=NCC(C)(C)S4)CC3)ncnc2s1,6.37
N#Cc1ccc(OCCCN2CCC(C(O)(c3cc(F)cc(F)c3)C3CCCC3)CC2)cc1,6.36
CC(=O)N[C@@H](CCCNC(=N)N)C(=O)N[C@@H](Cc1c[nH]c2ccccc12)C(=O)N[C@H]1CCCCCNC(=O)[C@@H]2CCCN2C(=O)[C@H](CCCNC(=N)N)NC(=O)[C@H](C)NC(=O)[C@@H]2CCCN2C(=O)[C@H](Cc2ccccc2)NC1=O,6.29
CC(C)c1cc2c(N3CCN(C4=NCC(C)(C)S4)CC3)ncnc2s1,6.19
N#Cc1ccc(N2CCC(N3CCC(C4(C5CCCC5)NCCc5ccccc54)CC3)CC2)cc1,6.19
C[C@@H]1NC(=O)[C@@H]2CCCN2C(=O)[C@H](Cc2ccccc2)NC(=O)[C@@H](N)CCCCCCCCNC(=O)[C@@H]2CCCN2C(=O)[C@H](CCCNC(=N)N)NC1=O,6.18
CC1(C)CN=C(N2CCN(c3ncnc4sc(C(F)(F)C(F)(F)F)cc34)CC2)S1,6.17
Cc1nnc(N2CCN(c3ncnc4sc(CC(F)(F)F)cc34)CC2)s1,6.11
NCC(CCN1CC=C(c2ccc(Cl)cc2)CC1)(c1ccccc1)C1CCCC1,6.08
CC(=O)N[C@@H](Cc1c[nH]c2ccccc12)C(=O)N[C@@H](CCCNC(=N)N)C(=O)N[C@@H](Cc1ccccc1)C(=O)N1CCC[C@H]1C(=O)N[C@@H](C)C(=O)N[C@@H](CCCNC(=N)N)C(=O)N1CCC[C@H]1C(N)=O,5.97
CCc1cc2c(N3CCN(c4nnc(C(F)(F)F)s4)CC3)ncnc2s1,5.96
CCCC(=O)O[C@H]1CCC[C@@H]1[C@](C#N)(c1ccccc1)C1CCN(CC2CN(c3ccc(C#N)cc3)C2)CC1,5.96
O=S(=O)(c1ccncc1)c1ccc(N2CC(CN3CCC(C4(C5CCCC5)CN(Cc5ccncc5)Cc5ccccc54)CC3)C2)cc1,5.95
Cc1cccc(C[C@@H]2NC(=O)[C@@H](N)CCCCCCCCNC(=O)[C@@H]3CCCN3C(=O)[C@H](CCCNC(=N)N)NC(=O)C3(CCC3)NC(=O)[C@@H]3CCCN3C2=O)c1,5.94
CC1(C)CN=C(N2CCN(c3ncnc4sc5c(c34)CCCC5)CC2)S1,5.92
CCc1cc2c(N3CCN(C4=NCC(C)(C)S4)CC3)ncnc2s1,5.92
CCc1cc2c(NC3CCN(Cc4ccccc4)CC3)ncnc2s1,5.89
N#Cc1ccc(OCCCN2CCC([C@](O)(c3cccc(F)c3)c3ccccn3)CC2)cc1,5.85
FCc1nnc(N2CCN(c3ncnc4sc(CC(F)(F)F)cc34)CC2)s1,5.78
N#Cc1ccc(OCCCN2CCC(C(O)(c3ccccc3)C3CCCCC3)CC2)cc1,5.77
N=C(N)NCCC[C@@H]1NC(=O)C2(CCC2)NC(=O)[C@@H]2CCCN2C(=O)[C@H](Cc2ccc(Cl)cc2)NC(=O)[C@@H](N)CCCCCCCCNC(=O)[C@@H]2CCCN2C1=O,5.7
CC(=O)N[C@H]1CCCCCCCCNC(=O)[C@@H]2CCCN2C(=O)[C@H](CCCNC(=N)N)NC(=O)[C@H](C)NC(=O)[C@@H]2CCCN2C(=O)[C@H](Cc2ccccc2)NC1=O,5.67
CC(C)c1cc2c(N3CCN(c4nnc(C(F)(F)F)s4)CC3)ncnc2s1,5.62
N=C(N)NCCC[C@@H]1NC(=O)C2(CCC2)NC(=O)[C@@H]2CCCN2C(=O)[C@H](Cc2cccc(C(F)(F)F)c2)NC(=O)[C@@H](N)CCCCCCCCNC(=O)[C@@H]2CCCN2C1=O,5.6
N#Cc1ccc(N2CC(CN3CCC(C(C#N)(c4ccccc4)C4CCCC4)CC3)C2)cc1,5.52
CC(=O)O[C@@H]1CCC[C@H]1[C@](C#N)(c1ccccc1)C1CCN(CC2CN(c3ccc(C#N)cc3)C2)CC1,5.46
CCc1cc2c(N3CCN(c4nnc(CC)s4)CC3)ncnc2s1,5.42
N#Cc1ccc(OCCCN2CCC(C(O)(c3ccccc3)C3CCC3)CC2)cc1,5.4
CC(C)C(O)(c1ccccc1)C1CCN(CCCOc2ccc(C#N)cc2)CC1,5.39
CCc1cc2c(NCC3CCN(Cc4ccc(F)cc4)CC3)ncnc2s1,5.36
CCc1cccc(C[C@@H]2NC(=O)[C@@H](N)CCCCCCCCNC(=O)[C@@H]3CCCN3C(=O)[C@H](CCCNC(=N)N)NC(=O)C3(CCC3)NC(=O)[C@@H]3CCCN3C2=O)c1,5.34
CC1(C)CN=C(N2CCN(c3ncnc4sc(Cc5ccccc5)cc34)CC2)S1,5.34
CC1(C)CN=C(N2CCN(c3ncnc4sc(Br)cc34)CC2)S1,5.32
N#Cc1ccc(OCCCCN2CCC(C3(C4CCCC4)NCCc4ccccc43)CC2)cc1,5.3
CCO[C@H]1CCC[C@@H]1[C@](C#N)(c1ccccc1)C1CCN(CC2CN(c3ccc(C#N)cc3)C2)CC1,5.27
CCc1cc2c(N3CCCN(C4=NCC(C)(C)S4)CC3)ncnc2s1,5.2
N=C(N)NCCC[C@@H]1NC(=O)C2(CCCC2)NC(=O)[C@@H]2CCCN2C(=O)[C@H](Cc2ccccc2)NC(=O)[C@@H](N)CCCCCCCCNC(=O)[C@@H]2CCCN2C1=O,5.2
C[C@@H]1NC(=O)[C@@H]2CCCN2C(=O)[C@H](Cc2ccccc2)NC(=O)CCCCCCCCCNC(=O)[C@@H]2CCCN2C(=O)[C@H](CCCNC(=N)N)NC1=O,5.19
N#Cc1ccc(N2CCCC(CN3CCC(C4(C5CCCC5)NCCc5ccccc54)CC3)C2)cc1,5.18
CC(=O)N1c2ccccc2NC2=C(C(=O)CC(c3ccc(C(C)(C)C)cc3)C2)C1c1cccnc1,5.16
CCc1cc2c(N3CCCN(CC(=O)N4CCCC4)CC3)ncnc2s1,5.16
CCCCC[C@H](NC(=O)[C@H](Cc1c[nH]c2ccccc12)NC(=O)[C@H](CCCNC(=N)N)NC(C)=O)C(=O)N[C@@H](Cc1ccccc1)C(=O)N1CCC[C@H]1C(=O)N[C@@H](C)C(=O)N[C@@H](CCCNC(=N)N)C(=O)N1CCC[C@H]1C(=O)NCC,5.13
CC(=O)N1c2ccccc2NC2=C(C(=O)CC(c3ccc(Cl)c(Cl)c3)C2)C1c1cccnc1,5.13
Cc1sc2ncnc(NC3CCN(Cc4ccccc4)CC3)c2c1C,5.06
CC(=O)N[C@@H](CCCNC(=N)N)C(=O)N[C@@H](Cc1ccccc1)C(=O)N1CCC[C@H]1C(=O)N[C@@H](C)C(=O)N[C@@H](CCCNC(=N)N)C(=O)N1CCC[C@H]1C(N)=O,5.02
CCc1cc2c(N3CCN(C(=O)c4ccccc4)CC3)ncnc2s1,5
CC[C@@H]1NC(=O)[C@@H]2CCCN2C(=O)[C@H](Cc2ccccc2)NC(=O)[C@@H](N)CCCCCCCCNC(=O)[C@@H]2CCCN2C(=O)[C@H](CCCNC(=N)N)NC1=O,4.97
CC(=O)N[C@@H](CCCNC(=N)N)C(=O)N[C@@H](Cc1c[nH]c2ccccc12)C(=O)N[C@H]1CCCCNC(=O)[C@@H]2CCCN2C(=O)[C@H](CCCNC(=N)N)NC(=O)[C@H](C)NC(=O)[C@@H]2CCCN2C(=O)[C@H](Cc2ccccc2)NC1=O,4.96
N#Cc1ccc(OCCCN2CCC(C(O)(c3ccccc3)C3CC3)CC2)cc1,4.95
c1ccc(CN2CCC(Nc3ncnc4sc5c(c34)CCC5)CC2)cc1,4.92
CCc1cc2c(N3CCN(C(=O)c4ccco4)CC3)ncnc2s1,4.92
CC1(C)CC(=O)C2=C(C1)Nc1ccccc1NC2c1ccc2c(c1)OCO2,4.92
CCCCC(O)(c1ccccc1)C1CCN(CCCOc2ccc(C#N)cc2)CC1,4.82
CO[C@H]1CCC[C@@H]1[C@](C#N)(c1ccccc1)C1CCN(CC2CN(c3ccc(C#N)cc3)C2)CC1,4.82
CCc1cc2c(N3CCN(CC(=O)N4CCN(C)CC4)CC3)ncnc2s1,4.8
CO[C@@H]1CCC[C@H]1[C@](C#N)(c1ccccc1)C1CCN(CC2CN(c3ccc(C#N)cc3)C2)CC1,4.72
COc1ccc(CN2CCCN(c3ncnc4sc(C)c(C)c34)CC2)cc1,4.7
CC1CCc2c(sc3ncnc(NC4CCN(Cc5ccccc5)CC4)c23)C1,4.7
CCc1cc2c(N3CCN(CC(=O)N4CCOCC4)CC3)ncnc2s1,4.7
N#Cc1ccc(OCCN2CCC(C3(C4CCCC4)NCCc4ccccc43)CC2)cc1,4.67
CCc1cc2c(NCCN(CC)Cc3ccccc3)ncnc2s1,4.57
CC(=O)N1c2ccccc2NC2=C(C(=O)CC(c3ccc(C(C)(C)C)cc3)C2)C1c1ccncc1,4.55
c1csc(N2CCN(c3ncnc4sccc34)CC2)n1,4.53
CCc1cc2c(N3CCN(Cc4ccc(Cl)cc4)CC3)ncnc2s1,4.52
CC(C)c1cc2c(N3CCCN(C4=NCC(C)(C)S4)CC3)ncnc2s1,4.5
COc1ccc(-c2csc(CC(N)=O)n2)cc1,4.48
c1cn(CCCNc2ncnc3sc4c(c23)CCCCC4)cn1,4.46
COc1cc(C2Nc3ccccc3NC3=C2C(=O)CC(C)(C)C3)cc(OC)c1OC,4.46
CC(C)Cc1cccc(C[C@@H]2NC(=O)[C@@H](N)CCCCCCCCNC(=O)[C@@H]3CCCN3C(=O)[C@H](CCCNC(=N)N)NC(=O)C3(CCC3)NC(=O)[C@@H]3CCCN3C2=O)c1,4.44
N=C(N)NCCC[C@@H]1NC(=O)C2(CCC2)NC(=O)[C@@H]2CCCN2C(=O)[C@H](Cc2cccc(-c3ccccc3)c2)NC(=O)[C@@H](N)CCCCCCCCNC(=O)[C@@H]2CCCN2C1=O,4.41
CCc1cc2c(NCC3CCN(Cc4cccc(C)c4)CC3)ncnc2s1,4.4
CCc1cc2c(N3CCN(Cc4ccccc4)CC3)ncnc2s1,4.38
Cc1csc(N2CCN(c3nc(C)nc4sc5c(c34)CCCC5)CC2)n1,4.31
c1ccc(-c2cc3c(N4CCN(c5nccs5)CC4)ncnc3s2)cc1,4.3
Nc1cccc(-c2cccnc2)c1,4.3
CCc1cc2c(N3CCN(c4ccccn4)CC3)ncnc2s1,4.22
O=C1CC(c2ccc3c(c2)OCO3)CC2=C1C(c1cccnc1)Nc1ccccc1N2,4.2
CN(C)C(=O)C(CCN1CCC(O)(c2ccc(Cl)cc2)CC1)(c1ccccc1)c1ccccc1,4.16
Cc1c(-c2ccccc2)sc2ncnc(N3CCN(c4nccs4)CC3)c12,4.15
COc1ccc(C2CC(=O)C3=C(C2)Nc2ccccc2N(C(C)=O)C3c2cccnc2)cc1,4.14
N#Cc1ccc(OCC(O)CN2CCN(C(c3ccccc3)c3ccccc3)CC2)cc1,4.11
COc1ccc(-c2csc(CC(N)=O)n2)cc1Br,4.1
CC(=O)N[C@@H](CCCNC(=N)N)C(=O)N[C@@H](Cc1c[nH]c2ccccc12)C(=O)N[C@@H](CCCNC(=N)N)C(=O)N[C@@H](Cc1ccccc1)C(=O)N1CCC[C@H]1C(=O)N[C@@H](C)C(=O)N[C@@H](CCCNC(=N)N)C(N)=O,4.07
CC(=O)N1c2ccccc2NC2=C(C(=O)CC(c3ccc(C)cc3)C2)C1c1cccnc1,4
COc1ccc(C2CC(=O)C3=C(C2)Nc2ccccc2NC3c2cccnc2)cc1OC,4
